matricula,curso,ano,semestre,turno,ingresso,ra,renda,idade,etnia,sexo
VTK254734,5,2020,1,2,3,13,2,36,3,M
PXN276299,1,2022,1,1,1,27,4,37,1,F
VXI786414,4,2020,2,2,2,3,3,17,3,F
PXZ482850,4,2021,1,3,2,23,3,54,3,F
SKV604823,4,2021,2,3,1,20,3,72,3,F
WEO298403,2,2022,2,3,3,19,2,91,2,F
NYC575859,4,2021,2,3,3,35,4,40,2,F
PPL535211,3,2022,1,2,1,32,4,47,3,F
PRM078988,5,2022,2,3,3,4,3,37,1,F
YOK728885,1,2022,2,3,3,1,2,92,5,F
YPL699706,1,2021,1,3,1,28,3,81,3,F
MQV271273,5,2020,2,1,3,23,1,70,5,M
VCD605956,3,2020,2,1,2,4,1,26,1,M
AQP533900,2,2021,2,3,3,33,2,64,5,F
YED289041,1,2020,2,2,1,12,3,37,2,M
GFQ315019,2,2020,1,2,1,25,1,91,1,M
FJT891690,2,2021,1,1,1,29,4,20,2,F
RVI254144,1,2020,2,1,2,10,2,94,5,F
ONI382507,2,2021,2,2,3,3,1,69,4,F
IBH293239,5,2022,1,1,1,15,1,71,1,M
QQS346013,4,2022,1,1,1,11,4,58,4,F
GQJ854474,1,2020,2,3,1,5,2,59,3,M
RBL215457,4,2021,1,2,3,10,1,88,4,F
WMI488819,1,2022,1,3,3,27,1,38,2,M
QCS946327,3,2021,2,1,3,9,2,55,2,F
AVN016829,4,2021,1,1,3,35,2,56,5,M
CWK024781,1,2021,1,1,3,28,2,50,5,M
NQJ820065,2,2020,1,1,3,20,4,51,3,F
YYX077679,4,2022,1,2,1,11,1,68,2,F
QJN250137,4,2020,1,2,2,19,3,75,1,F
SIQ019235,4,2021,1,2,1,5,2,52,3,F
HMG015043,1,2022,2,2,2,25,3,65,4,M
KCX489346,2,2020,2,3,1,16,4,34,1,M
LHT896396,2,2022,2,3,1,31,3,69,3,F
BCT003544,2,2020,1,3,2,14,1,29,4,M
PRK392743,1,2021,1,1,1,17,4,70,1,F
BWS946132,3,2022,2,2,2,12,4,79,5,F
BYF113519,5,2021,1,2,2,35,2,73,2,F
ZDK684934,4,2021,2,2,2,18,1,63,4,M
MRF623988,4,2022,1,3,1,7,2,27,2,M
ADG785780,3,2022,2,1,3,25,2,80,4,F
CWB200831,5,2020,2,1,1,30,3,57,2,F
DRZ595568,3,2020,2,1,1,30,1,33,4,M
TZT925584,1,2021,2,3,2,3,3,33,2,M
UKP876015,1,2020,2,2,2,12,1,49,5,F
GBW934806,5,2022,2,3,3,18,3,56,2,F
DHV004487,1,2022,1,2,2,10,2,51,4,M
RDZ463041,5,2022,1,1,3,27,2,50,2,M
AQQ153374,2,2021,1,2,1,21,2,48,2,M
WPM631667,5,2020,2,1,2,5,1,40,3,F
DXU986857,2,2020,1,1,1,3,2,25,4,M
EUL747009,3,2020,2,1,3,20,1,61,2,F
MXY652088,3,2020,1,2,3,8,3,42,4,M
USK314599,1,2020,2,3,3,32,3,29,3,F
KCU704609,2,2020,2,1,1,33,3,52,4,M
ZSC030309,2,2020,1,2,3,5,2,58,4,F
VBX226910,2,2021,2,1,3,28,1,40,4,M
JAP811391,2,2020,2,2,1,25,2,64,1,M
ZJM299619,4,2020,2,3,1,9,2,67,2,F
CPE898327,4,2020,1,1,3,27,2,47,1,M
HKB100045,3,2021,2,1,2,28,1,48,2,M
TDK604390,4,2020,1,1,3,35,1,60,2,F
KKS322497,1,2021,2,3,2,13,2,24,3,F
HOR743742,4,2021,2,2,1,9,2,33,1,M
LYD464206,5,2021,2,1,1,33,1,38,1,F
QAH765174,2,2022,2,1,1,1,2,45,5,M
RTG729180,3,2020,2,3,1,18,1,16,3,F
GNP312279,5,2022,2,2,1,13,4,22,2,M
PAU335291,4,2020,1,3,1,17,4,95,2,F
KHN565464,5,2021,1,3,1,12,3,37,5,F
UUH361635,5,2021,2,1,2,16,3,98,2,M
DRJ444636,5,2020,2,2,3,29,2,83,1,M
BHT060480,4,2020,2,1,3,1,1,39,5,F
NBW676006,5,2021,2,1,1,29,1,74,5,F
ZWS727214,5,2020,1,3,1,19,2,27,2,F
IEK844751,5,2020,1,3,1,18,2,70,2,M
XLU383219,1,2022,1,1,3,26,1,80,5,M
PBK201061,5,2021,2,3,2,26,3,40,1,M
PPS528346,4,2022,1,3,2,5,2,84,2,M
NYY995472,3,2021,1,2,2,11,1,57,2,F
GBE061769,1,2022,2,1,3,34,3,50,5,M
KXL318734,2,2020,1,1,2,23,2,82,3,M
IAB325126,2,2020,1,2,1,34,4,24,1,F
TIW237090,4,2021,1,3,1,19,3,51,2,M
LSB894100,1,2021,2,2,3,21,3,20,2,F
TKX404780,1,2021,1,2,2,6,2,83,3,M
EMD893452,2,2022,2,2,3,14,4,52,2,F
OFH465221,3,2021,2,3,3,31,1,82,4,F
UCT227675,5,2020,1,2,2,12,1,28,5,F
WDQ173676,3,2021,1,1,2,9,1,79,2,F
FVG562621,1,2020,1,3,1,27,3,40,4,M
VOI501395,4,2022,1,2,2,32,4,49,2,F
BTU756278,3,2020,1,2,2,27,3,63,5,F
TJP691853,3,2020,1,2,1,20,3,64,4,M
LAF664943,1,2022,2,2,1,32,2,60,4,F
WGP787300,2,2020,2,2,1,7,2,72,5,F
SZI476263,1,2022,2,2,1,12,4,25,3,M
JOT106002,3,2022,1,1,2,16,4,63,3,M
RBB948243,3,2022,1,3,3,5,2,20,5,F
EIZ734257,4,2020,1,1,3,18,3,91,2,F
RMB943018,3,2022,2,2,3,26,2,42,1,M
NTD388208,4,2021,2,2,1,13,2,25,2,F
EUR109564,3,2020,1,2,2,1,3,89,4,F
DPG870900,2,2020,2,1,3,33,3,44,1,F
HDG374243,3,2021,2,2,2,7,4,84,4,M
IXO975264,4,2021,2,1,2,20,3,46,4,M
SKM070657,4,2021,1,3,1,30,1,63,5,F
HRF539925,4,2021,2,1,1,24,4,49,3,F
IZY576398,3,2022,1,1,2,26,2,100,3,F
ITA859363,4,2020,2,3,2,21,4,69,3,F
UPZ010199,5,2020,2,2,2,9,2,96,3,M
MYV771549,2,2021,2,1,2,23,3,54,1,F
EER115767,3,2022,1,3,2,16,4,81,3,F
GHL979559,4,2022,1,1,2,5,3,81,5,M
EUU871695,2,2021,1,1,1,12,1,46,2,F
JYO468205,3,2021,1,3,2,27,2,57,4,F
YRQ647282,2,2021,1,1,2,12,3,53,2,F
YYC474587,5,2021,1,3,3,27,4,58,1,F
YEY969287,3,2022,2,1,3,13,1,17,5,M
PCA027376,4,2020,1,2,3,29,2,78,4,M
KWA481730,1,2022,2,3,1,1,3,21,1,M
MNB530115,4,2020,1,2,2,6,4,30,5,M
BYV939972,3,2020,1,1,1,14,2,25,4,F
RPK301146,4,2020,1,2,2,23,1,83,3,F
TBV057693,1,2022,1,3,1,25,2,46,4,F
PCO822722,1,2021,1,1,1,27,4,39,1,F
YZE950560,1,2021,2,3,1,6,1,97,1,M
TVB642413,4,2022,1,1,1,19,3,26,4,F
RMO583804,3,2022,2,2,3,29,1,63,5,F
JLV598130,4,2020,1,2,1,4,3,71,5,M
TAX140330,1,2022,1,3,1,24,1,64,3,F
TSJ800397,5,2020,2,3,2,10,2,22,1,M
ROU408133,1,2022,2,1,2,6,3,86,3,M
DJE660458,1,2021,1,3,3,27,4,37,3,F
MCB878260,3,2021,2,3,1,34,4,51,5,F
VIY409620,4,2021,1,2,2,2,1,43,3,M
JEO119628,3,2022,2,3,1,33,2,32,2,F
QYM860221,4,2020,2,3,1,21,4,54,3,M
GFW481509,1,2021,2,1,1,28,2,52,3,M
AKU908507,1,2020,2,2,2,13,4,23,1,F
CPU630493,1,2021,1,2,2,32,4,30,4,M
GDN504694,4,2020,2,1,1,28,1,53,3,F
LMF363589,1,2022,2,2,1,4,2,84,3,F
XJA642037,3,2022,2,1,1,21,4,47,4,M
ZCW070483,3,2020,2,1,2,11,3,88,1,M
YSP134592,1,2022,2,3,1,10,2,51,1,M
NYI676719,5,2020,2,3,3,6,2,87,2,F
EPH624627,4,2022,2,1,1,14,4,74,5,M
JDP143076,5,2022,1,3,3,18,1,72,1,M
UOO122583,1,2020,1,3,2,26,3,83,1,M
WTS319848,5,2021,1,2,1,4,1,97,2,M
XIN369973,4,2021,2,2,2,1,4,69,4,F
WZJ959986,4,2021,1,3,3,15,4,43,1,F
EAP795662,5,2020,2,1,2,15,3,52,1,F
QZC663708,2,2021,2,1,2,24,3,97,3,M
VMC452479,4,2022,1,3,2,7,2,49,5,M
OVC891888,1,2021,2,3,1,16,2,56,4,F
NPF740138,1,2022,2,1,2,6,2,56,3,F
OXY053544,1,2021,1,2,3,1,4,99,5,F
CVM641518,2,2021,2,2,1,8,2,47,4,F
VDB039522,1,2020,1,1,3,18,4,19,5,M
CDV188150,5,2022,2,3,3,33,1,16,4,F
WOT469583,2,2022,2,2,1,30,1,48,1,M
CAF832495,4,2022,1,1,2,32,4,21,4,M
ICO233729,2,2021,2,3,2,16,3,23,2,F
TMW331745,1,2021,1,3,2,12,2,85,3,M
MRJ943479,1,2020,2,2,2,32,3,31,2,M
WMH432194,5,2020,1,3,2,19,1,91,5,M
CJK599566,4,2020,1,1,3,23,4,80,5,F
NMI603829,4,2021,2,1,3,8,4,49,2,F
ZOB023173,2,2020,1,1,1,20,4,50,4,M
GBJ016917,1,2022,2,1,2,6,4,48,3,M
FAX801293,1,2020,2,3,2,1,2,78,1,M
ULJ762578,2,2021,2,1,2,2,2,62,3,F
RQP097266,3,2020,1,2,3,15,4,72,3,F
RJO625119,1,2022,1,3,1,19,2,82,4,F
DXM434353,4,2022,2,3,2,7,1,72,5,M
VGG490704,2,2022,2,3,1,33,3,47,4,M
TLL242265,2,2021,2,1,3,12,2,96,4,F
YZN025691,5,2022,2,3,2,24,2,86,1,M
AWU746413,1,2020,2,1,3,25,3,26,5,M
UUY865719,1,2020,1,1,2,9,3,38,5,F
SPL668524,4,2022,2,3,1,20,4,70,1,M
GXV510146,3,2021,2,3,2,3,3,30,3,F
FRW746983,4,2022,1,1,2,29,2,51,5,F
REO344684,3,2020,2,3,3,34,2,68,2,M
DTT934587,5,2020,2,3,1,14,4,83,2,M
AFW584209,4,2022,1,1,1,34,2,64,2,F
DQM350940,4,2021,2,1,2,11,3,67,3,F
KTI772908,1,2020,2,3,3,24,2,74,2,M
NDG528235,4,2021,2,1,2,14,4,61,1,M
IVG016509,1,2022,1,1,3,31,1,61,5,M
MIS046978,5,2020,1,2,2,1,2,96,1,M
DLA233381,3,2020,2,3,2,8,3,36,5,M
VOI514083,4,2020,2,3,3,4,4,55,1,F
IZP470558,5,2020,1,3,2,1,4,58,1,F
PMN735796,1,2020,1,3,1,32,1,77,4,M
ZKP732939,3,2020,2,3,1,9,3,70,3,M
WFV926708,4,2022,1,1,3,4,2,64,1,F
ISY062179,4,2020,1,3,3,12,1,65,3,M
NJL454099,2,2020,2,3,2,24,2,16,3,M
EGL608628,4,2022,1,2,2,21,3,38,4,M
RIO907861,5,2020,1,1,1,2,2,79,1,M
PUK523844,4,2020,2,3,3,7,2,97,1,F
DJN283238,4,2022,2,3,3,5,4,80,2,M
XYA751224,2,2020,2,3,1,23,3,53,3,F
MYB783223,2,2020,1,3,3,31,3,61,4,F
DOG028489,2,2022,1,1,2,12,4,63,3,M
GOW512928,4,2020,2,2,3,35,2,24,1,M
UTS780152,3,2022,2,2,3,4,4,64,2,M
NMD008099,3,2020,1,3,2,1,4,57,1,F
TLH433781,5,2020,2,2,2,7,3,49,5,F
GFB850447,4,2022,2,2,1,34,4,96,2,F
TDQ501639,2,2021,2,2,1,30,4,33,4,M
NRD478134,3,2022,2,2,1,22,2,42,4,F
LMH893635,4,2021,2,2,3,15,2,21,3,M
SNR781255,2,2021,1,1,2,23,1,59,3,F
VNX758434,5,2020,1,1,3,28,4,38,2,F
LQB794021,3,2022,2,1,2,4,4,84,1,F
GUA891193,3,2021,2,2,2,31,4,72,2,M
VAZ069838,1,2021,1,1,3,24,2,89,5,F
KMJ357670,2,2021,1,2,3,25,4,59,2,M
NJF911166,1,2021,1,2,3,14,2,37,2,M
NPY890806,5,2022,1,1,2,33,3,79,5,F
YNK399673,1,2020,2,3,2,33,1,72,1,M
DZR296380,4,2020,2,2,3,26,1,41,5,M
UEC276419,3,2021,2,2,2,10,4,31,2,F
TRV717874,1,2020,2,1,2,18,1,49,3,M
RCT276550,1,2021,2,2,3,24,4,85,4,F
BAU113983,2,2020,2,2,2,35,2,78,1,M
VCK590490,2,2020,1,2,1,21,1,86,1,M
PKO748990,1,2022,2,1,3,6,1,71,5,M
VWD912985,4,2021,2,3,1,21,4,29,3,F
HGK060700,1,2022,2,3,1,7,3,28,2,F
HUV591373,4,2020,2,1,1,9,3,18,3,F
DPB323450,1,2021,1,2,1,1,2,100,5,F
IJK440268,5,2021,1,3,1,26,2,78,1,F
NDB135655,5,2021,1,1,1,8,2,16,2,F
JRS487943,1,2021,1,1,3,10,3,35,5,F
UAJ935201,2,2021,2,2,3,7,1,51,4,M
LQO510391,4,2021,2,2,2,30,1,35,4,M
HMX906267,5,2020,1,1,3,6,4,17,4,F
XRW710759,4,2021,1,1,1,30,4,46,1,M
EKH849795,3,2020,1,1,3,20,1,76,1,M
ZEL595865,2,2022,1,3,1,23,3,92,3,M
KJH295889,2,2020,2,2,1,4,3,79,3,M
GIQ317557,3,2022,2,1,3,8,3,41,4,M
CXM666704,2,2021,1,2,1,30,4,65,5,F
FKN347096,5,2020,2,3,1,21,3,33,4,F
EOC564369,3,2020,1,1,1,9,1,96,2,M
WKW109765,5,2020,1,2,1,19,4,31,2,F
IXW426797,5,2022,1,3,1,23,4,41,4,M
CZW537505,3,2021,2,1,3,23,1,95,5,M
AUV705318,4,2020,1,2,1,22,3,73,3,F
YXN812952,4,2022,2,1,3,35,4,56,4,M
DFM372086,2,2020,2,2,3,35,3,43,5,F
ZEW054182,3,2020,2,2,3,17,1,26,5,F
XSW877012,5,2020,2,3,3,14,2,24,2,M
PAD403213,4,2020,1,3,3,29,2,36,3,F
WGQ761325,4,2022,2,3,1,14,3,95,5,M
ZFO039908,2,2021,2,3,3,34,3,67,4,F
SXL485710,2,2021,1,3,3,27,2,72,5,F
LIN387317,2,2020,1,2,2,14,3,25,4,F
ODA655443,2,2022,1,3,3,11,2,51,5,F
CND671225,3,2021,2,2,3,24,4,89,2,M
KXO520901,1,2021,2,2,2,22,1,25,3,M
FOQ436286,4,2020,1,1,3,28,4,32,5,M
PAI726945,2,2020,2,2,1,22,1,29,5,F
FAG468237,5,2022,2,2,3,32,3,56,2,F
RSW014662,4,2021,1,3,2,19,2,69,5,F
DXG025671,2,2020,2,2,3,28,3,61,1,M
NIS381954,2,2022,1,3,1,27,3,35,1,M
SJA426584,3,2022,1,2,3,24,4,28,4,F
EDO229195,1,2022,1,2,1,8,1,25,5,F
YVH403912,1,2021,2,3,1,14,2,57,4,M
BWR542577,3,2021,2,1,2,21,2,32,5,F
EQR575966,5,2021,2,2,2,31,3,51,2,F
ADP716178,1,2022,2,2,1,11,4,85,3,M
QBH247597,5,2022,1,3,3,6,1,49,3,M
DZB363022,4,2020,1,3,2,23,2,51,4,M
UPD823874,4,2020,2,1,2,34,2,85,1,M
NZS769924,1,2021,1,1,1,19,3,65,5,M
QGQ933436,1,2021,1,1,2,1,1,48,3,F
BUH646551,4,2020,2,2,3,32,2,62,4,M
ACK244514,4,2021,2,2,2,31,1,92,5,F
YEA378103,1,2020,1,3,3,3,3,51,2,M
QXI716279,4,2020,2,3,1,22,3,61,4,F
LRJ845954,1,2020,1,3,1,19,4,20,1,M
CYN762600,3,2022,2,1,2,17,4,21,5,F
VPH556010,2,2021,1,1,2,13,2,57,5,M
TLF364594,1,2022,1,1,1,9,1,70,3,F
CCS317816,5,2021,2,2,2,27,2,69,3,M
TGV641281,1,2022,1,2,2,10,2,19,4,M
SOO013632,4,2021,1,3,3,32,4,60,1,F
JMP534859,5,2021,2,1,2,1,1,43,3,M
PHN487872,5,2020,2,2,1,21,3,60,5,F
HEW930477,2,2022,2,1,1,29,1,65,4,M
RAC781896,1,2022,2,2,1,31,1,57,4,M
OAK494050,3,2021,1,1,3,34,4,98,1,F
ZRS694200,5,2022,1,2,2,27,2,90,3,M
MTT068874,5,2021,1,2,3,19,3,75,3,M
SSB036367,3,2021,1,2,1,25,4,100,1,M
UHZ566616,5,2020,1,2,1,25,4,28,5,M
LZS998564,4,2021,2,3,1,15,3,97,4,M
JKX610440,3,2022,1,1,1,29,2,89,1,F
FIJ618400,4,2020,1,2,3,20,2,85,2,M
YAQ169944,1,2021,2,2,1,3,3,82,1,M
HLY048118,1,2020,1,1,3,30,2,81,4,M
HUH083406,1,2020,2,2,2,2,4,72,5,M
VFY652840,4,2021,2,2,2,22,4,35,2,F
YJH000884,5,2022,2,1,2,18,1,36,2,M
CDY570071,5,2021,1,3,3,26,4,53,2,M
VYL174585,3,2021,2,3,2,15,1,27,4,M
DJW505082,3,2021,2,2,2,23,2,34,1,M
SZX536592,5,2021,2,3,1,16,1,50,3,M
SDK732330,2,2021,1,3,1,19,2,70,4,M
DTS611441,4,2022,1,2,3,12,3,41,4,M
ZVW168390,4,2020,2,2,3,25,2,98,4,F
UDG116277,4,2022,2,3,2,6,3,59,3,F
YUZ503394,2,2021,1,2,1,7,2,61,4,M
HUX097960,3,2020,1,2,1,13,2,64,3,M
RFZ987298,3,2020,1,3,2,13,1,25,2,F
QEF554862,4,2020,1,1,2,19,1,43,1,F
API825196,3,2022,1,3,2,10,1,39,4,F
TXL546383,4,2022,2,3,3,9,4,17,3,M
UAJ497769,5,2022,2,3,3,9,1,70,2,F
SQX708174,5,2021,1,2,1,1,2,35,5,F
KEL987620,3,2022,2,3,1,33,4,22,1,F
YXA970112,2,2022,1,2,1,13,4,44,5,M
XKO442322,3,2022,1,1,3,21,1,96,1,M
PAY554777,1,2020,2,3,1,16,4,65,4,M
ZKC770489,4,2020,1,1,1,24,2,59,3,F
JML774150,1,2021,1,3,1,18,2,47,1,F
JIB074193,3,2020,2,2,3,24,3,81,4,F
LSE784779,5,2021,1,1,3,10,2,40,2,F
UJN358085,4,2020,2,3,2,35,1,50,4,M
DYF045065,3,2021,1,1,1,33,3,58,5,M
OCJ143386,2,2021,2,2,3,7,4,91,1,F
CRZ376442,3,2020,2,2,1,28,3,56,3,M
KGM681876,2,2020,2,3,3,20,3,16,5,M
EBD328319,5,2022,1,3,2,2,2,83,2,M
SUM054303,2,2022,2,1,3,34,1,82,4,F
HJS137388,1,2021,2,2,3,34,3,82,1,F
EQQ154278,1,2021,2,2,1,34,2,61,2,F
XCJ046701,1,2021,1,3,1,4,2,97,3,M
QVP005273,1,2020,1,2,1,23,3,28,5,F
VXN776648,1,2020,2,2,3,34,1,22,1,M
EES259378,2,2022,2,2,1,4,4,76,2,M
RCN794034,1,2020,1,1,1,14,4,67,3,M
YBX407112,4,2021,1,1,2,35,2,72,4,M
ORW564562,2,2022,1,1,1,16,4,94,3,F
HQQ115831,5,2020,1,2,1,34,3,61,5,F
BNN656837,2,2021,2,3,3,31,2,80,2,M
FIM570780,3,2020,1,3,2,29,1,36,3,M
OAD809676,5,2020,1,3,1,10,1,52,1,M
TTX336563,1,2020,1,1,1,12,1,34,5,F
KKB758747,1,2021,1,2,3,26,1,66,1,M
BQY832283,3,2021,1,1,1,10,2,51,3,M
KIG845434,1,2020,2,1,1,33,1,41,3,M
XHS294247,5,2021,1,3,1,22,3,75,5,F
WVD949191,5,2020,2,3,2,12,1,31,5,F
WHV186194,5,2022,2,2,2,3,1,38,4,M
EVB070709,2,2021,1,1,2,33,4,82,3,F
DOQ304382,2,2020,2,2,1,29,3,39,3,M
FPL218099,5,2020,1,1,3,11,1,49,1,M
DYG734757,2,2020,2,2,3,30,1,88,4,F
KBI889534,2,2022,1,1,1,24,3,63,1,F
MGW039590,4,2021,1,2,3,30,1,75,3,F
VQW793786,2,2020,1,1,3,34,2,72,1,F
UVH240981,4,2020,1,1,3,17,2,95,2,M
VIP446940,4,2020,1,3,2,21,1,35,5,M
WYU147889,2,2021,2,1,3,34,2,94,1,M
QDK919358,2,2022,2,3,2,4,3,54,1,M
CCM996173,2,2022,2,2,1,32,2,53,3,M
GPL590848,1,2020,2,3,1,9,1,51,4,F
WTM553783,4,2020,1,1,3,25,1,27,1,F
YOH172893,1,2021,1,3,2,26,1,44,2,M
JHG988098,5,2020,1,3,2,26,1,58,3,M
VYK055279,2,2022,1,2,1,11,3,61,4,M
SUU816684,5,2021,1,3,2,33,1,97,1,F
GNM001465,1,2021,2,2,1,4,3,57,5,M
OZC357866,4,2020,1,2,3,22,3,94,5,M
XUP040983,3,2022,2,3,2,14,1,56,5,F
COJ785802,2,2021,2,1,1,33,2,51,3,M
LMV155600,5,2021,2,2,2,6,4,78,5,M
CKP761838,5,2020,2,3,1,22,2,53,4,F
EJR659856,5,2022,1,2,3,14,2,71,3,M
KNQ814110,1,2022,1,3,2,28,1,50,2,M
DTI315403,1,2021,2,3,2,35,2,47,2,F
UTZ847743,3,2022,2,1,2,1,3,99,5,F
OLQ896523,1,2020,1,3,2,18,2,35,3,M
FSO110166,4,2020,2,2,1,33,4,73,5,M
NUO273024,4,2021,2,2,3,33,3,39,5,F
PUW775166,5,2021,1,1,3,12,2,92,2,M
GJH963132,2,2022,2,2,1,7,4,96,2,F
VEJ521990,5,2020,2,1,3,19,3,71,3,F
NBL182309,4,2022,2,3,2,34,2,46,5,F
NKO172872,4,2022,2,3,3,6,2,19,3,F
MHY856083,4,2021,2,3,2,18,4,17,4,M
GIX194650,5,2020,1,1,2,11,4,30,4,M
TKM831060,3,2020,1,2,2,13,3,43,1,F
PBC321999,2,2022,1,2,2,18,4,16,2,F
ZXO475271,3,2020,1,3,1,32,2,25,3,M
QYN135415,3,2020,1,2,3,4,2,51,5,M
WZE601562,2,2022,1,1,2,35,4,94,1,F
TXZ165692,4,2021,2,1,2,31,4,48,4,M
WCB927253,4,2021,1,1,1,7,4,74,5,M
STX841647,5,2021,1,1,3,1,2,42,1,F
ZIL332333,5,2022,1,2,1,5,4,28,1,F
YJA953708,3,2020,1,1,2,5,4,68,4,M
DAD809216,2,2022,1,2,2,1,1,73,5,F
GOT636604,2,2022,1,3,3,23,1,61,5,F
QJE908199,1,2021,1,2,1,31,2,94,1,M
CTR843775,1,2020,2,1,3,30,4,35,2,F
ZUM958012,3,2021,1,2,2,23,2,97,2,M
GDB557644,5,2020,1,3,1,24,1,86,2,F
AQQ697265,4,2020,1,3,2,27,4,49,1,M
RPT459267,4,2021,1,3,3,12,3,93,2,F
VOZ954153,3,2021,2,2,2,3,2,59,4,M
RSW788935,2,2022,2,1,1,22,2,16,1,F
OOR903459,1,2020,2,1,2,13,4,73,2,F
MGW572944,5,2020,1,2,3,17,3,38,3,M
MIT566230,2,2020,1,1,2,3,3,30,5,M
KGJ667219,5,2020,1,1,2,28,3,85,1,F
MMC610293,5,2020,1,2,3,13,4,26,5,F
BRE245397,3,2022,1,3,3,1,4,83,5,F
QBV888182,1,2020,1,1,2,14,4,20,2,F
GAE328043,1,2022,1,3,3,19,4,68,3,F
WVI642646,4,2021,2,1,1,11,2,76,2,F
TOG104682,2,2022,2,3,2,20,3,68,3,M
BMI305476,2,2022,2,3,3,28,3,79,3,F
JBZ275079,1,2022,2,1,2,10,1,21,5,M
DSO544136,5,2021,1,1,1,13,3,27,5,F
WTQ208791,4,2020,2,2,1,6,2,76,3,F
ZIO079911,4,2022,2,1,3,23,2,29,3,M
OKA277293,5,2021,2,1,2,13,1,28,3,M
UIZ630195,4,2022,2,2,1,3,4,23,5,F
UFN695935,5,2022,2,3,1,1,2,72,4,F
QCE221401,4,2021,1,2,2,25,2,21,4,M
WEL072684,1,2022,2,3,1,30,1,73,1,F
FEL565201,4,2022,2,2,1,29,3,26,4,M
LZO989264,4,2020,2,1,1,33,3,46,2,M
WPK984444,2,2021,2,1,1,5,2,19,5,F
IEV161821,4,2022,1,3,1,9,4,77,4,F
AXU385250,5,2021,1,1,3,19,1,17,3,F
SHJ869208,1,2021,1,3,1,29,3,59,3,F
PDG955793,4,2020,2,2,1,8,2,32,2,M
VWY488471,1,2020,2,1,2,9,3,55,1,F
TKV372439,1,2020,2,3,2,17,2,33,3,M
GVV964909,4,2022,1,2,3,23,3,68,4,M
TFH812121,2,2022,1,1,3,16,3,68,3,F
JWP119221,3,2022,1,1,1,21,2,23,1,F
HYJ435521,4,2022,1,3,2,22,3,34,2,M
OOB344368,3,2022,2,1,1,24,2,37,1,M
DKR588588,4,2022,1,3,2,34,1,38,1,M
DAK308598,1,2021,1,1,3,3,3,46,5,M
VKY715264,4,2021,2,2,1,27,4,84,3,M
BXX624612,3,2020,1,1,1,12,1,19,3,M
CYT126928,1,2022,1,3,3,25,4,65,4,M
LWA547917,4,2021,1,3,2,16,2,25,1,M
JWW954209,2,2020,1,3,3,26,4,25,2,F
CLC031292,5,2020,1,2,1,6,3,50,3,M
UUB313117,4,2020,1,1,2,23,4,92,3,F
BMO426012,2,2020,2,1,1,35,4,64,2,F
LFQ248668,3,2021,2,1,3,30,3,65,5,M
KLK154763,2,2021,2,3,2,13,3,24,4,M
WHH892250,5,2021,2,3,1,21,1,40,3,F
VLT075004,2,2020,2,1,2,34,3,52,3,F
QLQ934703,4,2020,2,3,2,12,3,25,4,M
BQR667066,2,2022,2,1,2,31,2,22,4,F
VTA542111,4,2022,1,1,2,12,3,24,3,F
GMP225402,3,2020,1,3,3,7,3,97,4,F
KYL289184,5,2021,1,1,1,32,1,89,4,F
GVO563778,2,2020,1,3,1,35,4,73,2,M
BHP658365,5,2022,1,1,1,22,4,17,4,M
VHN299384,2,2022,1,3,3,11,1,52,2,M
HJT988312,5,2021,1,3,1,28,4,16,1,M
YEF782538,2,2020,2,3,2,18,3,74,4,F
PMR968823,3,2022,1,1,1,7,4,57,2,F
FPU434709,3,2021,2,1,2,12,4,94,1,F
ROA016518,4,2022,1,2,2,30,1,70,4,F
IDH746262,2,2021,2,1,2,14,4,42,4,M
ASL353896,3,2022,1,1,3,20,4,50,5,M
BRA308064,3,2022,2,1,1,8,4,85,3,F
NGJ444868,5,2020,1,2,3,17,3,23,5,M
NNQ775327,3,2021,2,2,2,7,3,98,4,M
BYZ889681,3,2021,1,1,1,16,3,31,5,F
LAJ417117,4,2022,1,1,3,3,4,45,5,M
XYW165025,1,2020,1,3,3,11,4,96,4,M
WTV496233,5,2022,2,1,2,30,4,77,3,M
DQN801322,3,2022,1,3,2,11,4,66,1,M
JJN758066,1,2022,1,1,2,11,3,19,4,M
YOS400463,1,2021,2,3,1,32,3,65,4,F
EWY321955,3,2020,2,2,3,18,4,85,2,M
IUE669847,4,2022,2,2,2,18,1,50,1,M
NDO795256,2,2022,1,1,3,22,2,69,4,M
HDF322046,4,2022,2,2,2,28,3,58,3,F
AEC482431,3,2021,1,2,3,26,3,50,1,F
CFB372957,5,2022,2,3,2,9,3,90,2,F
OOU721120,2,2021,2,2,3,34,3,82,1,M
GKQ067865,2,2021,2,1,1,10,4,81,2,F
HJP836360,3,2021,2,1,1,12,1,80,4,M
CRW377064,3,2021,1,2,1,29,3,59,4,M
FFV644195,5,2021,2,1,2,17,2,27,1,F
BKW370764,4,2020,1,2,2,3,4,87,3,M
FMU022269,5,2021,1,1,3,9,4,51,5,M
PRM476340,3,2021,2,3,3,34,2,33,1,M
ITZ441680,5,2022,2,2,1,15,3,88,5,F
QFD620785,3,2020,2,1,2,2,3,53,4,F
TRN452069,2,2020,1,3,2,32,3,48,3,F
JLS027603,5,2022,1,2,2,23,2,81,1,M
PDY160217,1,2021,2,1,2,1,1,20,5,F
ZXF696043,2,2020,2,2,1,13,1,97,1,M
QBR002872,1,2021,2,3,2,1,1,75,1,F
AGY507689,3,2022,1,2,2,29,2,97,3,F
WRW625221,1,2020,2,3,1,32,2,52,5,F
BHW551919,4,2021,2,3,1,29,1,80,4,F
EBY026573,3,2020,1,1,3,20,3,99,4,M
TBA281799,1,2020,2,3,1,33,3,41,4,M
CGB742959,3,2021,1,3,3,5,1,45,2,F
RCD137904,4,2021,2,1,1,18,1,23,2,F
YUH813245,1,2020,2,3,1,30,2,22,3,F
BEQ809570,1,2022,1,1,2,27,2,47,5,M
JMO959983,2,2020,2,1,2,26,4,75,5,F
WIS669784,1,2022,1,3,1,19,2,83,2,F
XSI428333,1,2020,2,2,2,21,4,20,2,F
OHV670321,3,2021,1,3,3,8,1,17,2,F
IWJ087501,4,2022,1,2,1,35,1,92,3,F
JKH794141,5,2022,2,3,3,29,3,24,1,F
MKZ319763,4,2020,1,1,1,33,4,79,1,F
FSH604656,4,2020,2,3,1,13,2,49,1,M
FLB026753,1,2022,2,1,1,25,3,49,5,M
ASW063474,5,2021,2,2,1,8,3,45,1,F
OSR456004,5,2022,2,3,1,10,4,45,3,F
SYN690145,4,2022,1,2,2,34,3,79,2,F
HKW559541,3,2021,2,3,3,31,4,41,5,F
ENB583878,5,2021,2,1,1,35,4,72,1,M
IPQ016704,5,2020,2,1,2,3,2,83,2,F
MLT909732,4,2020,1,3,1,30,1,56,5,F
PNY978675,2,2020,1,2,1,23,2,29,4,F
SLX992263,5,2021,2,3,3,1,4,60,3,F
KUR884147,4,2022,2,3,1,27,4,40,3,M
JVK876093,2,2021,2,3,3,5,2,64,3,F
CAW459967,4,2020,2,2,1,10,2,41,3,M
QKD222922,4,2022,2,3,2,7,3,76,3,F
SZQ281647,3,2020,1,1,1,30,3,53,1,M
MQA871996,1,2022,1,3,2,6,3,47,1,M
VZH139248,2,2021,2,3,2,2,1,31,4,M
ELG494088,1,2020,2,1,2,23,1,27,5,F
IBM640075,2,2021,1,3,2,27,1,33,1,M
QHL364169,2,2021,1,2,1,30,1,44,3,M
KAO638945,5,2021,1,3,1,6,2,59,2,M
LRB371521,3,2022,2,2,2,17,4,36,2,M
KOG347155,3,2021,1,3,2,27,3,52,5,M
ZPK465622,4,2021,2,3,3,27,3,24,4,M
ZYT992397,1,2022,2,3,1,15,4,63,4,F
DUF262316,4,2021,2,2,3,25,2,21,1,M
PXC930392,3,2021,1,1,2,9,4,46,4,M
MHR391693,4,2021,2,3,3,20,2,76,4,M
NUD488575,3,2022,1,3,3,30,4,67,3,F
RVB008253,3,2022,1,3,2,12,4,63,2,F
KJW175547,2,2020,1,1,3,22,3,67,1,M
OKK452983,4,2021,1,3,3,3,4,18,4,M
NQM166554,2,2022,1,2,1,27,3,100,4,M
ZCX074509,4,2021,2,1,2,5,1,29,2,M
EVZ861569,3,2022,1,2,1,23,1,78,5,M
REA833398,3,2022,2,2,1,19,2,99,1,M
UMZ589659,5,2022,2,1,2,2,3,49,4,M
AOD895291,2,2020,2,1,3,5,4,54,1,F
UBU776182,1,2021,2,3,2,20,3,96,1,M
VQV509544,4,2022,2,1,2,28,1,35,5,F
OUI414708,1,2021,2,2,2,8,1,52,4,F
EEF768191,5,2022,1,3,2,30,3,31,1,M
EKI760151,3,2021,2,1,3,35,2,53,4,M
OSQ092459,2,2021,1,2,1,25,4,26,4,M
IRV522174,1,2022,1,1,3,13,1,67,3,M
IXF163356,2,2021,1,3,1,6,3,35,5,F
ACB029015,3,2020,1,2,2,14,2,69,1,F
JRF603460,2,2020,1,1,3,16,3,57,1,M
ACP464029,2,2021,2,3,2,1,4,25,4,F
VTI720362,4,2021,2,1,2,5,4,93,1,F
ZIQ108513,1,2022,1,3,2,23,4,89,3,M
QUL485756,5,2022,1,2,3,31,3,45,3,F
UVE774329,2,2021,1,2,2,33,3,81,2,M
RXQ378854,2,2021,1,1,1,32,4,71,1,F
VSC785244,5,2021,2,2,2,4,2,99,1,M
VMW414769,1,2021,1,1,3,20,2,50,5,M
SSY758992,3,2020,1,1,3,35,4,74,4,F
MQB468033,4,2021,1,2,2,18,3,46,5,F
EIZ407996,5,2022,2,1,1,4,3,69,3,M
KVO164622,2,2020,1,1,2,9,2,52,1,M
HHS360049,3,2021,2,2,3,2,4,42,1,M
BCZ300025,4,2022,1,3,2,16,3,56,5,M
AVY386089,5,2020,2,1,2,9,3,16,5,M
TSK803811,2,2021,1,1,3,23,2,33,2,M
BAX758197,1,2021,2,1,3,11,1,74,2,F
VGA679126,5,2021,1,2,3,13,4,48,2,F
VHK604203,2,2021,1,3,3,4,2,33,5,F
HXO235923,3,2020,2,2,1,23,1,87,4,F
CCF668823,5,2022,2,2,2,13,1,23,5,M
YNQ794743,4,2021,1,2,3,26,2,69,3,F
TPI519006,1,2020,1,3,3,27,1,32,1,F
UYK950248,5,2020,1,2,2,1,4,46,4,F
BOO834626,5,2022,2,2,1,28,3,46,1,M
LGG562393,1,2020,2,2,3,22,2,50,4,M
PLK238499,3,2020,2,3,3,22,4,41,4,F
GDS012249,4,2022,2,3,1,7,1,98,3,M
MIE502583,2,2020,1,3,1,13,1,89,3,F
IIW586230,3,2020,2,3,3,8,2,98,3,M
BYP825518,2,2022,2,2,3,4,2,36,1,F
YXE599488,4,2020,1,3,3,11,3,73,3,F
WRY612215,3,2022,2,1,2,28,1,92,4,F
HHI148573,5,2021,1,2,3,25,2,31,1,M
ZJH663426,3,2021,2,1,1,10,1,58,4,F
GNB484510,2,2021,1,3,1,9,1,54,2,M
GEV297814,5,2021,1,1,1,10,1,37,1,M
IFX716838,1,2020,1,2,3,2,2,27,4,M
NTV074813,3,2021,1,2,3,21,4,85,4,F
NQI693030,3,2022,1,2,1,26,3,33,1,M
DRH191358,5,2022,1,1,2,26,4,88,2,F
TPZ514334,3,2022,2,2,3,6,1,33,1,M
VOS917767,5,2022,1,2,1,1,2,37,3,M
ICD841454,1,2021,1,1,2,7,1,67,3,F
AEP373753,3,2022,2,3,1,7,3,18,3,M
HKB796570,2,2021,2,2,3,18,1,74,5,F
TRD582013,3,2022,2,3,2,12,3,74,2,F
JVM726948,5,2022,2,3,2,18,2,64,1,F
BCB887837,5,2021,2,2,3,31,2,57,5,M
WPU867822,2,2021,1,1,3,10,4,45,2,F
QWV812977,2,2020,2,3,3,13,2,99,4,F
VRH839618,5,2020,1,1,2,18,1,92,1,M
UWQ101545,5,2020,1,2,1,33,3,65,3,F
LSO680829,3,2022,2,2,1,4,1,63,2,M
LKZ508241,5,2022,1,2,1,13,3,54,4,F
ZQX688979,2,2022,1,2,3,8,2,60,2,F
RTY990596,3,2020,2,2,3,6,4,97,4,F
EEI543063,5,2020,1,2,1,18,1,45,2,F
NBZ278133,1,2020,2,1,3,19,2,84,3,M
ERT670449,2,2022,2,2,3,19,4,38,5,M
LON108901,1,2021,2,3,1,18,4,94,4,M
WOC582473,3,2020,2,3,1,34,2,52,1,F
AHO643798,2,2021,1,2,3,11,3,65,1,M
MDR226275,3,2022,1,1,2,10,3,96,2,F
LUM767826,4,2020,2,2,3,27,3,95,5,M
AFT325852,2,2022,1,2,2,5,1,47,4,F
HDI065101,3,2021,2,2,2,26,2,33,5,M
WZH417502,1,2022,1,2,2,8,1,80,2,F
ALW869953,3,2022,1,1,2,34,3,31,4,F
IEO400224,5,2020,2,3,2,18,3,82,1,M
XYH659345,5,2021,2,3,3,18,3,61,1,M
KKF786588,1,2020,1,3,1,9,2,74,4,M
ARA422407,3,2022,1,3,2,24,2,50,4,M
MWH993110,2,2022,1,3,2,35,4,93,4,F
BWJ448436,1,2021,1,3,2,28,4,66,1,F
JRL542956,3,2022,2,1,3,5,4,83,4,M
HQO552603,4,2020,1,2,1,3,3,70,4,F
HLA287065,5,2021,1,1,2,26,4,75,5,F
CTJ336883,1,2022,1,1,2,7,2,35,2,M
XBQ794463,3,2020,2,1,3,11,2,20,5,M
ZJD329872,4,2020,2,1,2,20,4,91,2,M
HDP219261,5,2021,1,1,1,16,1,66,2,F
HDH039694,4,2022,1,1,1,21,1,53,2,M
BDM202447,1,2020,2,2,2,16,4,94,1,M
YOC140572,3,2021,1,1,3,8,3,63,1,F
NZE948398,4,2020,1,1,1,29,3,92,4,F
VIG074400,4,2022,1,3,3,10,4,58,5,F
VOE132109,4,2020,2,3,1,24,2,65,5,F
LRO783602,2,2022,1,2,1,29,1,44,4,M
ALW868404,4,2020,1,1,2,19,1,100,5,F
SFD946964,3,2022,1,3,1,15,3,22,4,M
OML531996,3,2020,2,1,2,21,4,94,3,F
LXM691794,3,2020,2,3,1,9,4,72,5,M
OIY323010,5,2021,1,3,1,14,1,72,1,M
SIA628959,4,2022,1,3,1,22,2,61,3,M
YKS069525,1,2020,1,3,2,33,1,18,4,M
JHL242004,5,2021,1,1,1,33,4,68,1,F
HBV038747,2,2020,1,2,1,31,4,89,5,M
GKV384714,3,2021,2,3,3,10,1,43,2,F
DOD992309,2,2020,2,3,3,28,3,50,4,M
OIZ264127,5,2021,1,2,1,29,1,21,5,M
GIE001068,2,2022,2,1,2,24,3,72,5,M
MHN761785,5,2020,1,3,3,29,3,40,4,M
SPE390765,2,2022,2,2,2,3,1,58,4,M
MDP958618,3,2022,2,1,1,21,3,61,4,F
EYE483662,4,2021,1,1,3,23,2,90,5,F
KPN970655,3,2022,2,1,2,33,4,28,3,F
IUX347725,3,2021,2,1,2,8,4,20,2,F
WBV788760,3,2021,2,1,3,22,3,52,5,M
OAL060760,4,2021,2,3,1,21,3,54,4,M
DUT932945,3,2021,1,3,1,20,1,90,3,M
CUF941621,5,2021,2,1,3,26,4,58,2,F
MNS928417,2,2020,1,2,2,25,4,51,3,M
KOA250152,4,2020,1,1,3,20,1,74,4,F
SXE309712,1,2022,2,3,3,14,3,92,2,M
PHE827328,5,2020,1,2,3,28,3,37,3,F
SKQ197828,4,2021,1,3,1,23,3,86,3,M
IIR862819,2,2021,1,3,1,28,4,28,3,F
SOF445784,4,2020,1,2,2,4,2,58,2,M
QVS540825,5,2022,1,1,3,34,1,82,4,M
FAK520740,5,2022,2,1,3,30,4,67,2,F
DSZ994605,1,2020,1,3,3,22,2,39,3,M
TXC421285,3,2021,1,2,3,3,1,40,3,F
OFV484026,2,2021,2,2,1,25,4,90,4,F
EMP300840,5,2022,2,3,1,18,1,91,1,F
FIB657458,5,2020,2,2,2,14,2,70,4,M
VIC870084,2,2021,2,3,2,10,2,69,2,M
AOZ927186,5,2022,2,2,3,26,1,84,3,F
VRV121120,1,2022,1,1,2,15,1,97,5,F
LIA170089,1,2020,1,3,3,30,4,84,3,F
AGJ569243,3,2022,1,2,1,8,4,42,1,F
VFX647108,4,2021,1,2,1,28,2,56,1,F
JWQ583389,2,2022,1,2,1,29,4,23,4,F
UXO188360,1,2022,1,3,2,23,2,18,5,F
YJO687392,1,2022,2,2,3,5,1,59,2,M
TNG535222,1,2020,2,2,2,4,2,100,4,F
WKW336486,1,2021,2,2,3,25,3,45,3,M
SZV348855,3,2022,1,3,2,27,1,82,5,F
CFD305031,5,2020,1,3,1,10,4,94,3,M
GRG085823,1,2022,2,1,2,8,2,90,5,F
ANX052694,3,2021,2,3,1,21,3,92,5,M
WKF468607,4,2022,2,3,3,12,1,62,5,F
DCF112585,5,2020,1,3,1,7,4,55,2,F
RUZ291170,4,2022,2,1,2,29,1,69,5,M
XXS640375,5,2022,2,1,3,3,2,30,4,M
HEF579776,5,2022,2,2,2,28,3,46,1,M
ZPU413754,5,2020,2,3,2,32,2,83,5,M
FJT419984,3,2022,1,2,2,13,2,94,2,F
ZBR035449,2,2022,2,2,1,1,3,37,3,F
WXU263835,4,2020,2,2,3,24,2,52,5,F
VID323985,5,2020,2,3,2,6,4,85,1,M
VNY295143,5,2021,2,3,1,1,1,56,2,F
FUE655174,1,2020,2,1,2,11,4,32,2,F
OYZ659017,1,2022,1,1,3,30,3,23,3,F
IMQ453161,3,2022,1,2,1,18,4,100,5,M
EWU078865,5,2020,1,2,2,19,2,35,4,M
PIP741824,4,2021,2,3,2,11,2,18,5,M
RUQ319447,4,2020,2,1,1,20,2,76,2,F
TSZ861855,1,2021,2,2,3,14,4,48,5,F
OFO489952,1,2020,2,2,3,4,1,34,4,F
CAH074884,2,2021,1,1,3,4,4,67,4,M
MNR492090,5,2021,1,3,1,8,1,63,2,F
EHV368525,5,2022,2,2,1,11,3,77,1,M
AJE406685,1,2021,1,3,2,21,3,33,2,F
DDZ664389,1,2022,2,2,1,29,1,82,4,M
GII957337,1,2020,1,3,2,9,3,70,4,M
VDW631954,2,2020,2,2,1,9,4,25,5,M
HRA960052,2,2020,2,2,3,18,4,58,3,M
IWU585290,2,2020,1,2,3,18,1,86,4,F
BXO877936,5,2020,1,3,1,6,1,37,1,M
XGA543365,2,2022,1,1,1,32,4,65,2,F
LRJ435916,5,2020,1,3,3,30,4,61,4,M
EYV490637,1,2021,2,3,3,17,2,23,5,F
ZHQ632194,5,2022,1,3,1,23,3,89,5,F
SUG136519,4,2021,2,2,3,17,2,34,3,M
ZWE489619,3,2022,1,2,1,28,1,76,2,F
HVR363677,1,2021,2,3,1,33,3,87,4,M
PSU326267,4,2022,2,3,1,3,2,94,3,M
IFT978421,3,2020,1,2,1,12,4,20,1,F
DHU190555,4,2022,2,1,1,19,1,99,4,F
EMW233365,3,2022,2,2,1,25,4,89,3,F
YMH028954,3,2021,1,2,2,25,1,36,1,M
KIJ835183,2,2022,2,3,1,1,4,82,5,F
LGE979055,4,2022,2,3,1,9,4,29,2,M
ZSQ285068,4,2020,2,2,2,24,4,77,2,M
CEO035280,1,2021,2,3,3,2,2,31,1,F
UFV675817,5,2022,2,2,1,30,4,66,4,M
AGC428078,4,2021,1,1,1,18,2,69,2,M
QFA086961,4,2022,1,3,2,20,2,85,2,F
QIQ177564,1,2022,2,1,3,26,3,92,1,M
NNI231078,1,2021,1,2,1,6,4,58,1,F
IHT801038,2,2020,1,1,1,22,3,53,5,M
AIY538708,5,2022,1,3,2,35,2,21,1,M
XMQ436745,5,2022,2,1,3,34,2,68,1,F
DIL863825,2,2022,2,3,3,28,1,76,3,M
YAP752864,1,2021,1,1,3,5,3,75,4,M
LWR961460,1,2020,2,3,3,20,2,46,3,F
EQB714762,1,2022,1,2,2,34,3,23,1,F
OSF017179,4,2022,1,1,2,22,3,100,5,M
SUU760447,5,2022,1,1,1,5,3,99,4,F
TLS180438,5,2021,1,1,1,26,1,50,3,F
KDR197739,3,2021,2,3,2,8,4,42,3,M
KGQ894709,3,2021,1,1,3,32,2,55,4,M
AOH344845,4,2021,1,1,1,3,2,91,1,F
AJV384212,4,2020,1,3,1,26,4,98,4,M
PFZ849064,5,2021,1,3,3,13,2,33,3,F
BSQ620246,3,2021,2,1,1,6,1,80,2,F
SHV629975,2,2022,2,1,2,31,1,77,4,M
HDG542651,1,2021,1,3,2,10,4,70,5,F
HJG928060,5,2020,2,1,1,18,4,20,3,F
GZA343777,2,2020,2,1,2,30,4,96,3,M
GOW327073,4,2022,2,2,1,12,1,72,2,M
VXM437132,1,2020,2,2,1,35,2,44,2,M
CTW722523,4,2021,2,1,2,34,3,33,2,F
NUP937521,3,2021,2,2,2,29,1,23,2,M
MFK043486,2,2020,1,2,2,23,3,59,1,M
IAD584451,1,2020,2,3,1,26,1,80,4,M
UMB900053,1,2021,2,1,2,28,1,65,5,M
BBM017309,4,2022,1,1,3,18,4,88,5,M
YQT936908,5,2021,1,2,1,34,1,100,3,F
LXJ059526,2,2022,2,2,1,34,2,17,1,F
OOG209794,1,2022,1,1,3,26,1,43,3,F
GMZ876457,1,2020,2,3,3,21,2,59,5,M
GBT462786,3,2022,2,1,1,8,1,74,4,F
AVF403847,2,2021,1,3,3,1,1,31,1,M
LMH629825,2,2021,2,1,2,13,3,68,1,F
YWC438976,1,2020,2,1,2,8,1,25,5,M
GGL474811,2,2022,1,3,1,24,1,40,3,F
TWN558833,2,2021,1,3,1,3,3,88,4,M
SRN367690,1,2022,2,3,2,10,1,62,1,F
GFF065152,1,2021,1,3,1,31,4,61,3,M
USM686314,4,2021,1,3,2,27,2,81,1,F
AGN513482,4,2021,2,3,3,13,4,70,3,M
JXJ559926,4,2021,2,3,3,19,1,88,2,F
TBT363160,4,2020,2,2,3,30,2,95,3,M
ONA642566,2,2020,2,1,1,7,1,40,5,F
SFX425002,3,2022,2,3,3,3,2,24,4,F
WCN752441,1,2022,1,2,2,14,1,33,1,M
JZB188188,1,2020,2,1,2,17,3,55,3,M
MEM071356,5,2021,1,1,2,32,1,100,5,F
GKP285680,3,2022,2,1,2,9,2,22,4,F
VGF647064,3,2022,1,2,2,32,1,62,3,M
TAB691208,1,2020,1,2,3,26,1,98,3,F
CSJ532803,3,2022,1,1,2,19,1,42,1,F
UNN127375,5,2020,1,2,3,20,4,95,2,F
SHK810881,2,2021,2,2,2,29,2,23,1,M
VFU643825,4,2022,2,3,1,2,2,17,2,M
EYC989790,5,2021,2,2,3,27,1,44,4,M
JNO081108,4,2021,1,1,1,31,1,32,1,F
FQX668064,1,2020,1,1,3,22,1,45,5,F
SQI579814,2,2021,1,2,3,12,3,92,5,F
YPC227447,5,2020,2,2,1,35,3,17,5,M
BKZ871100,3,2020,2,1,2,1,4,45,5,F
ZYY510859,2,2022,1,1,2,25,1,62,2,M
FGU062679,5,2021,1,2,2,33,1,97,3,M
WOS366434,2,2020,1,2,2,5,4,21,4,M
YVA849184,1,2022,2,3,3,30,4,37,5,F
GYO743841,3,2020,2,1,2,19,1,21,4,F
RTX631581,4,2021,1,2,3,3,1,31,1,F
UWO697285,4,2021,1,2,3,34,3,70,2,F
JXI599932,4,2022,2,2,3,26,2,61,2,F
RFX389932,5,2022,2,1,1,28,2,63,2,F
QAZ242985,2,2022,1,3,1,23,2,58,3,F
PYD020538,3,2022,2,2,2,7,4,38,3,M
BDO171562,3,2022,1,3,3,30,1,48,2,M
SNA214207,5,2021,1,1,2,33,4,89,3,F
GHZ135813,3,2022,2,3,1,24,4,75,4,F
PUR200836,3,2022,1,3,1,11,3,63,4,M
LKQ651843,2,2022,2,3,1,10,2,44,4,M
MXS889141,2,2022,2,1,3,2,4,26,4,M
POE190837,2,2021,2,1,1,1,3,37,1,F
UMN024552,5,2021,2,2,1,4,1,91,1,M
LFS269204,5,2020,2,2,2,26,1,35,2,M
CNY203784,5,2022,1,2,2,13,4,95,5,F
AUE423714,3,2022,1,3,2,4,2,25,3,F
MEI618045,4,2021,1,3,2,35,4,40,3,M
LTL561259,3,2021,1,3,1,28,1,65,2,F
MEE015113,2,2021,2,1,1,2,2,66,3,M
HXC536813,4,2022,2,2,3,9,3,68,4,M
UGH027662,1,2020,1,1,1,34,1,99,3,F
SYA445779,4,2020,2,3,2,32,2,30,2,M
RRM241703,2,2021,1,2,3,30,2,47,3,F
CSW438431,2,2021,2,1,3,14,4,86,2,F
HSA185364,2,2021,1,2,1,15,1,45,3,F
FIU818272,2,2021,2,2,1,29,4,53,4,M
UUU646184,1,2020,1,2,3,17,4,61,5,M
RCA328668,4,2020,1,3,3,25,3,96,1,F
DXE496501,1,2021,1,3,3,7,3,74,1,F
XPD279103,3,2020,1,2,1,19,3,21,4,M
NRR759360,4,2021,2,3,2,34,4,98,3,M
MOY764527,3,2020,1,1,3,9,1,65,2,M
UOO580649,3,2022,2,1,1,15,4,97,3,M
FIL594852,3,2022,2,1,3,19,1,49,4,M
QDH607956,2,2020,1,3,1,25,3,66,2,M
JBD941702,4,2021,1,2,1,13,1,32,5,M
JXE753900,5,2020,2,1,1,10,4,61,2,F
RMT050436,4,2021,1,1,1,34,3,60,1,F
ENX244804,2,2021,2,3,3,34,2,37,3,F
ZZM039187,4,2021,1,3,2,25,4,63,5,M
HHD747319,2,2021,1,3,3,16,2,42,5,M
BAR201650,4,2020,2,2,3,7,3,62,2,M
HTB580558,4,2020,2,2,2,18,4,20,1,F
PUC046770,3,2022,2,3,1,9,1,54,1,M
KPK053798,1,2021,1,1,2,2,3,93,1,F
AHE295061,4,2022,2,3,3,8,4,89,5,M
ZLK101073,5,2020,1,1,1,21,1,86,2,F
VRL981017,1,2020,2,3,3,9,2,51,5,F
ULW585893,5,2021,1,2,1,1,2,28,1,F
GIR705080,4,2020,2,1,3,3,1,21,1,M
IBK233550,2,2021,1,2,1,33,3,72,2,F
HDE469628,4,2022,2,1,3,23,1,44,1,M
YXQ576231,3,2021,1,1,1,11,3,98,5,M
LYA167343,2,2020,2,3,2,31,3,78,2,F
BOJ934977,5,2020,2,1,3,9,2,31,5,F
TQV173587,4,2020,2,3,2,22,4,63,4,M
QYK094687,4,2022,1,2,1,4,3,51,4,M
FFT467673,2,2021,1,3,1,6,2,27,5,M
QYA932622,4,2022,2,2,2,28,2,41,3,M
SPQ803284,1,2020,1,2,1,27,1,34,1,M
JPP179733,5,2021,1,3,1,13,4,76,4,F
CEW141617,4,2022,1,1,1,1,4,67,5,F
BHE536530,4,2021,2,2,2,4,4,84,2,M
ICZ488525,2,2020,2,1,3,33,4,59,5,M
VGH670646,3,2022,2,2,3,21,4,30,4,F
TAA134574,5,2021,2,2,3,15,2,21,1,F
YUZ874931,1,2021,1,2,1,25,4,16,5,F
WMW480048,1,2020,1,3,1,4,2,62,4,F
VCD615143,2,2020,2,3,2,33,4,20,5,F
JMY019445,1,2020,2,2,2,10,4,77,5,M
PAY679152,3,2022,2,3,2,7,2,37,4,F
GAR797693,4,2022,2,3,2,4,4,100,3,M
IIP054596,5,2021,2,2,1,29,3,66,2,F
IMN963801,4,2021,2,2,2,4,1,30,2,F
HYW252967,2,2022,2,3,2,16,3,71,2,M
YUY128877,4,2021,2,3,2,33,2,85,4,F
WMC726536,3,2022,2,2,3,29,4,28,3,F
KCW825174,1,2021,1,3,1,6,3,73,1,M
JYV887939,5,2022,2,2,2,2,4,19,1,F
KTJ421303,3,2021,2,1,1,18,2,45,1,M
ICO861223,2,2021,1,2,2,9,1,49,3,M
SKB629085,5,2022,1,2,3,10,2,64,1,M
GDF208204,4,2020,2,2,3,14,4,53,4,M
DJW896846,2,2022,1,1,1,25,2,34,5,M
PZX992902,4,2022,1,2,2,5,2,89,1,F
UZD343128,3,2020,2,2,3,8,4,52,5,F
BVI686266,3,2021,1,2,2,6,3,83,3,M
XHA196463,2,2020,1,1,2,21,2,21,2,F
DPX034698,1,2020,2,1,3,4,2,76,5,M
ZMK724107,2,2020,2,3,3,2,4,79,5,M
ASV988932,1,2021,2,1,3,10,2,88,1,M
CDE351780,2,2022,1,2,1,27,2,89,5,F
KGY755037,2,2020,1,2,1,2,2,33,1,F
BJU564065,5,2021,1,3,1,22,2,83,2,F
QAA985408,1,2021,1,3,1,13,3,19,5,M
URU481055,1,2022,2,2,3,7,4,85,2,M
PFK188696,3,2022,2,3,3,33,1,60,2,M
YUX301674,4,2020,1,1,3,21,1,91,1,F
URF122252,3,2021,1,2,2,13,1,57,2,F
OQU674036,1,2022,2,2,3,23,1,78,5,M
MXE042857,5,2020,1,1,3,21,3,59,5,F
QGK829855,1,2021,1,2,3,34,2,95,1,M
NSQ858078,4,2021,1,2,3,33,2,16,2,M
UDN165765,4,2022,1,1,3,10,3,32,2,F
TYI295033,2,2021,2,3,1,4,4,49,2,M
MPH149270,5,2021,1,2,1,9,1,61,2,F
NNE588927,3,2022,1,1,3,29,3,59,4,F
UCX771169,5,2021,2,1,2,14,3,87,1,F
MYJ427938,2,2021,2,3,2,24,4,97,3,M
GAD047052,1,2020,1,3,2,8,4,53,3,F
JUW679581,4,2021,1,2,2,13,1,57,4,M
WBA277838,1,2022,2,1,3,3,3,54,2,M
VLW352278,1,2021,1,2,2,14,2,51,5,F
AVV961987,2,2022,2,1,1,24,3,65,2,M
NRO503348,3,2022,1,1,2,10,1,97,2,F
HCF549158,1,2021,1,2,2,16,1,31,3,M
HXV474735,4,2022,2,2,2,12,1,70,4,M
KHL472977,4,2020,1,1,2,10,4,58,1,M
KXO849222,3,2022,2,1,1,2,3,88,2,M
JUB634234,3,2020,1,2,2,27,4,61,1,M
DTI082750,2,2022,1,3,1,12,1,61,1,M
YZT061442,5,2021,2,1,2,32,2,31,4,F
VDM678590,4,2022,2,3,1,12,1,78,5,F
IUF445179,1,2022,1,2,3,2,2,68,2,F
QSG132455,2,2022,2,3,1,9,3,51,3,F
QGE202257,3,2020,1,3,1,26,1,72,3,F
HPI130590,1,2020,1,1,2,31,1,17,3,M
MFY453402,5,2020,1,1,1,34,2,71,1,F
WLS286932,3,2020,2,3,1,24,3,43,5,F
GMW817164,5,2020,1,1,1,21,2,57,5,F
NUJ555432,5,2021,2,3,2,9,3,18,4,F
TTV381364,4,2022,1,3,3,1,2,30,1,M
SRQ408205,4,2022,2,2,3,35,2,40,5,M
NBN757257,5,2021,2,3,2,31,4,35,3,F
ADW672440,4,2021,2,2,3,21,1,21,3,M
DEB203152,3,2021,1,1,2,23,2,51,3,F
NPU646996,5,2021,2,3,2,23,3,49,5,M
DPP750845,5,2020,2,2,1,21,2,92,3,F
JKB558319,2,2022,1,2,2,8,3,42,5,M
WHY118009,2,2021,2,2,3,2,2,31,5,F
CTH541162,2,2021,2,3,2,31,4,56,2,M
OEU582196,2,2022,1,1,1,13,4,31,3,F
EFE672218,1,2021,2,3,1,6,4,51,5,F
RAV017504,2,2020,2,1,3,22,1,45,5,M
GCM147588,3,2020,1,2,3,6,2,38,3,F
IPE342866,1,2020,1,3,3,17,3,74,3,F
KDF170747,3,2021,2,2,1,24,4,61,3,M
VQQ126950,2,2022,1,1,2,1,3,19,4,F
WXD374487,5,2021,1,2,2,10,1,95,3,F
NRH562083,1,2022,1,2,1,16,3,83,2,F
ZCP905432,5,2020,1,1,2,5,4,74,1,F
JYA132685,3,2020,1,1,2,29,4,36,5,M
HSD597990,3,2022,1,2,2,21,1,73,3,M
VMF416518,1,2021,2,1,1,7,2,76,4,F
SAM765946,3,2021,1,3,2,32,3,39,5,M
WAK195705,1,2021,1,3,3,26,1,19,5,M
EMH515069,3,2020,2,1,1,17,2,83,2,F
ETU685739,5,2021,1,3,1,5,2,25,4,M
SRI664584,4,2022,2,2,2,14,1,46,5,M
IRC887871,2,2021,2,1,3,34,1,31,2,M
QOS473102,2,2021,2,3,1,18,2,16,4,M
TWS384970,4,2022,2,1,2,2,2,95,4,M
